model,chunking,n,hit_rate,mrr
e5-small,fixed,11,0.5454545454545454,0.45454545454545453
e5-small,recursive,11,1.0,0.5969696969696969
e5-small,structural,11,0.9090909090909091,0.696969696969697
bge-m3,fixed,11,0.6363636363636364,0.45454545454545453
bge-m3,recursive,11,0.9090909090909091,0.6318181818181818
bge-m3,structural,11,1.0,0.7681818181818181
minilm-en,fixed,11,0.5454545454545454,0.253030303030303
minilm-en,recursive,11,0.6363636363636364,0.3772727272727273
minilm-en,structural,11,0.7272727272727273,0.5939393939393939
